{
  "project_info": {
    "project_number": "305344531136",
    "firebase_url": "https://travker-1557103309467.firebaseio.com",
    "project_id": "travker-1557103309467",
    "storage_bucket": "travker-1557103309467.appspot.com"
  },
  "client": [
    {
      "client_info": {
        "mobilesdk_app_id": "1:305344531136:android:d6806a59b6e610f8",
        "android_client_info": {
          "package_name": "com.travker"
        }
      },
      "oauth_client": [
        {
          "client_id": "305344531136-h2fpuiihmauttjv20nfjgbru8u2h2tdv.apps.googleusercontent.com",
          "client_type": 3
        }
      ],
      "api_key": [
        {
          "current_key": "AIzaSyDFdKCd4riXQu0NM7v-f0PzYdGY_YoCUyQ"
        }
      ],
      "services": {
        "appinvite_service": {
          "other_platform_oauth_client": [
            {
              "client_id": "305344531136-h2fpuiihmauttjv20nfjgbru8u2h2tdv.apps.googleusercontent.com",
              "client_type": 3
            }
          ]
        }
      }
    }
  ],
  "configuration_version": "1"
}